identifier,label
P18200,37
P16687,37
Q7LXP4,80
Q980H9,80
Q97Z16,80
Q980V3,80
P39389,37
P16917,37
Q97WW7,80
Q7DFV3,37
P07014,37
P0AAP3,37
P0AFJ5,37
Q97U74,80
P77528,37
P0AEW9,37
O93774,80
P95986,80
P0ADR0,37
Q7LY01,80
P69380,37
Q97ZN0,80
P24216,37
P0AF32,37
P0DSE3,37
P0A843,37
P76163,37
P76512,37
P33030,37
Q7LX60,80
P0A9L3,37
P64572,37
Q97VA6,80
Q97XQ3,80
Q97WX8,80
Q97VK9,80
Q97XG9,80
P09549,37
Q97WR2,80
P0A8S5,37
Q97UM6,80
P76516,37
P0AFK0,37
P37387,37
P39369,37
P0CF11,37
P0AFR7,37
Q97WK8,80
Q97UI1,80
P0AA16,37
P42601,37
Q97XY5,80
Q97UQ5,80
P32136,37
Q97V24,80
Q7LXU8,80
P0AFS9,37
P76223,37
P64467,37
P0ACQ0,37
Q97WS5,80
P77181,37
P0AC69,37
P77335,37
Q97WC1,80
Q97ZW6,80
P76038,37
P75917,37
P07395,37
Q97ZD7,80
P17115,37
P0AB35,37
P23367,37
P39317,37
P77213,37
P35340,37
P0AEC0,37
Q97Y63,80
P75825,37
P36930,37
P33340,37
Q980L9,80
Q7LXK7,80
P27550,37
Q97YD2,80
P0ADI7,37
P69488,37
P0AA78,37
Q97W94,80
P76143,37
P77717,37
Q97YH1,80
P56976,37
P0AEH1,37
P77802,37
Q97YB8,80
Q97XS5,80
P0A7G6,37
P76481,37
P39901,37
Q97XN1,80
P30750,37
P68644,37
Q97UM1,80
P0AA41,37
P0AB12,37
Q97V31,80
P67444,37
P46142,37
P76066,37
P64610,37
Q97WI8,80
Q97X26,80
Q97YP5,80
P39405,37
Q97WS1,80
P31677,37
Q97XN3,80
Q97UT6,80
P37641,37
P76421,37
Q97Z06,80
P0C077,37
P08839,37
P0ADJ3,37
P77616,37
P0AGM0,37
Q97TY4,80
Q97YY5,80
P0AFR4,37
P33359,37
Q97UX8,80
Q97Z25,80
P0A6X3,37
P52647,37
Q97XY7,80
P69503,37
P31441,37
P0CF29,37
Q97Y17,80
P77580,37
P0AF40,37
P0A8A8,37
P23830,37
P16659,37
Q97YT8,80
P21499,37
P76657,37
Q97V93,80
Q97U89,80
P33668,37
A5A627,37
P03024,37
P0AC07,37
Q46858,37
P0AC13,37
P77689,37
Q97WX9,80
P37025,37
P0A9B6,37
Q97VK6,80
P75822,37
P42592,37
P0A8U6,37
Q980H3,80
P77296,37
Q97XK8,80
Q97YR0,80
P77196,37
P77162,37
P20605,37
P0AC16,37
P27245,37
P32677,37
P0AGD7,37
Q980P8,80
P32155,37
P75843,37
P0C0L2,37
P0A759,37
P77747,37
P24215,37
P41443,37
P0ABH7,37
Q97U39,80
Q97XE5,80
P0AF63,37
Q97ZK9,80
P75919,37
Q97Y73,80
P15877,37
P0AE76,37
P0C093,37
P07654,37
P0A754,37
Q97W74,80
Q97YT1,80
P25743,37
Q97WJ8,80
Q46832,37
P39283,37
P75957,37
Q97UD1,80
P0AF01,37
P00582,37
Q97X03,80
P76633,37
Q7LX64,80
P09378,37
P0A927,37
Q97TW8,80
Q97Z69,80
Q97XT7,80
P75906,37
P76161,37
P0ACV2,37
Q7LXJ9,80
P75806,37
Q7LXR4,80
P25748,37
P0AAI9,37
P64536,37
P0AEZ1,37
Q97WA4,80
A5A607,37
P76077,37
P0A9H5,37
P0ADE8,37
P75818,37
P0AF90,37
P00960,37
P27434,37
P08506,37
Q97VD3,80
P0ADI0,37
P08722,37
Q97ZD9,80
P76547,37
Q97VD2,80
Q9UXC4,80
Q97YS3,80
P0AA70,37
P76389,37
Q97VX9,80
P77188,37
P0ABW0,37
Q97Z47,80
Q97VH4,80
P0A825,37
P52134,37
P0A7D4,37
P96038,80
P77393,37
Q980P6,80
Q97W79,80
Q97ZF1,80
Q980U8,80
P0DPN3,37
Q97WP0,80
P52102,37
P05100,37
P45423,37
P46859,37
Q97V77,80
Q46812,37
P75831,37
P60872,37
Q46941,37
P75994,37
P0ADM4,37
P25437,37
Q97YL2,80
P45763,37
P67624,37
Q97UH5,80
Q97XC1,80
Q97WV9,80
P76220,37
Q97YS1,80
Q980E3,80
P32139,37
Q97UI9,80
Q97Y19,80
P0ABU7,37
P0A7H3,37
P76100,37
Q97XM1,80
P75874,37
P24182,37
Q97ZG4,80
P16433,37
Q97XL0,80
P0AB33,37
P0A790,37
P29217,37
P76395,37
Q97Z61,80
Q97WQ1,80
Q9P999,80
Q97ZV1,80
Q97ZL7,80
Q97YG0,80
Q97UJ1,80
P0AF03,37
Q97Z17,80
P75937,37
P0DSE8,37
P23908,37
P33343,37
Q97UI2,80
C1P600,37
P61175,37
P39199,37
P33136,37
Q97YJ2,80
Q97UV7,80
P24171,37
P76398,37
P77698,37
Q97VE7,80
P36771,37
P0A8N3,37
Q7LXP6,80
P77564,37
P23909,37
Q97UL1,80
Q97YG1,80
Q97WZ0,80
Q97WE9,80
P60624,37
Q97YT7,80
Q97YB1,80
Q980Y6,80
Q7LX90,80
Q980Z5,80
P0AFD4,37
P15373,37
Q980G7,80
P31801,37
Q97U40,80
O32528,37
P31466,37
Q97U28,80
P0ABY4,37
Q97UP9,80
P13009,37
P00957,37
P95896,80
P39382,37
Q97ZX1,80
P21189,37
P27431,37
Q97YA7,80
Q97WB5,80
Q97W83,80
Q97V49,80
Q97WE6,80
Q97TX1,80
Q7LY02,80
Q97Z27,80
Q46797,37
Q97XW5,80
P27848,37
P0DKB3,37
P0ABC3,37
Q980T4,80
P09169,37
P0AAI1,37
P0AFT8,37
Q980Z7,80
Q97V18,80
P0ADX7,37
Q97WW9,80
P31460,37
Q97WR1,80
Q97Y55,80
Q97VY2,80
P67153,37
Q97U53,80
P77360,37
Q97ZZ4,80
P33997,37
P0AC62,37
P16681,37
Q97YX2,80
Q97Y95,80
P0AFB1,37
P0A9C5,37
Q7LX85,80
Q97UK3,80
Q97ZQ0,80
P76334,37
Q97U98,80
P27896,37
P77529,37
P0AFI0,37
Q97X91,80
P07018,37
P0DSG3,37
P28248,37
P0A8Q0,37
P0AC38,37
P77333,37
Q97WS6,80
P05052,37
Q97UV6,80
P37057,37
Q97Y88,80
Q97YB4,80
Q46791,37
P06709,37
P45422,37
Q97YG8,80
P0DPP7,37
P75942,37
P0AE16,37
Q97YK9,80
Q97Z93,80
Q97XJ3,80
Q980M0,80
Q97Z03,80
P09155,37
P0AED0,37
P33129,37
P17846,37
P33634,37
Q97U42,80
P0A8W2,37
P0A6V5,37
Q97U47,80
P0A7L0,37
Q97W23,80
P0AB26,37
P76419,37
P45563,37
Q97X34,80
Q6BEX0,37
Q97W96,80
Q7LXQ5,80
P77306,37
Q7LXF5,80
Q97UL0,80
P00811,37
Q980H5,80
P24077,37
P37677,37
Q7LXF0,80
P39407,37
Q97YN9,80
P75685,37
Q980K7,80
Q97ZK8,80
P0AAB2,37
Q97WT5,80
P0AAE2,37
P0ABB0,37
P76237,37
Q97YN1,80
Q47706,37
Q7LXQ3,80
Q980M1,80
P0AC19,37
Q97YI9,80
Q97UP2,80
Q97Z08,80
P39414,37
P39274,37
P71239,37
Q980C5,80
P54745,37
P33135,37
Q7LXJ4,80
P75961,37
P0A8D9,37
Q97TW9,80
Q97UW1,80
Q97YS0,80
P0AEH3,37
P75952,37
P77377,37
Q7LX93,80
Q46897,37
Q46819,37
P27247,37
P0AE30,37
P0A9L5,37
P0ADT2,37
Q97ZN4,80
P0ACW8,37
Q97Z89,80
P0AEA5,37
P0ABA4,37
P76402,37
Q97VJ4,80
P56259,37
Q97WB4,80
P21437,37
P0A8F8,37
P14407,37
P0A6I9,37
Q97WT6,80
P64564,37
P69411,37
P0ACL9,37
P33595,37
Q97Z67,80
Q97XR9,80
P0A6R3,37
Q97V97,80
Q97X20,80
Q980P4,80
P08201,37
P75742,37
P69937,37
P0A8G3,37
P76261,37
P46126,37
O06456,80
Q97XM7,80
Q97U14,80
P25522,37
P77611,37
P52107,37
Q9UX91,80
P33022,37
P0AE63,37
P0AD89,37
P11286,37
P76316,37
P65294,37
P23305,37
P75862,37
P0A8Q6,37
P75867,37
P0DPM8,37
P09546,37
P10903,37
P0A6F5,37
P76182,37
P23485,37
P75809,37
P46144,37
P0A9Z1,37
Q97X83,80
P64559,37
P0A6V8,37
P33355,37
P19624,37
P43674,37
P37661,37
Q97XC6,80
P0A6D3,37
P40719,37
Q980E1,80
Q7LXQ9,80
P09163,37
P16692,37
P0AB85,37
P75933,37
Q980X9,80
P0A9N0,37
Q97VK7,80
P0AF16,37
P76168,37
Q97YF9,80
Q97U26,80
Q97ZI2,80
Q97VG8,80
P39381,37
P30845,37
P77608,37
Q97WP3,80
Q97XT8,80
P30125,37
P69826,37
P95982,80
P23862,37
Q97W98,80
P0C054,37
P75885,37
Q97W43,80
P0DMC5,37
P76091,37
P0A722,37
Q97X33,80
P0ADD5,37
Q47270,37
P37745,37
P76224,37
P0AB28,37
P39173,37
Q97X58,80
Q97TZ4,80
Q7LXL1,80
P64606,37
Q980B0,80
Q97ZA9,80
Q97XF0,80
Q97ZJ6,80
Q97ZG9,80
P27254,37
P63284,37
Q7LXU7,80
Q9UXD4,80
P0DPN4,37
Q97V22,80
Q7LXP7,80
P22255,37
P00722,37
Q7LXQ7,80
P0ABC7,37
P77657,37
Q97UR6,80
P31447,37
A5A611,37
Q97Z74,80
P58178,80
Q7LXV6,80
Q97VG6,80
P75982,37
Q97Z80,80
P75864,37
Q97VD6,80
P37659,37
Q97VM1,80
Q97YI2,80
O33771,80
P31450,37
Q97WW2,80
P0ABC0,37
Q97ZJ0,80
P77468,37
Q97ZD1,80
P75883,37
P0A6H5,37
P31474,37
Q97U94,80
P0AAH0,37
Q97W64,80
Q980H2,80
Q97YD1,80
Q97WQ7,80
Q97YD4,80
Q97YZ8,80
P0ADA3,37
P52598,37
P21169,37
P0A776,37
P64545,37
Q981C9,80
Q97X80,80
P76068,37
P0AC41,37
Q97ZX4,80
P0AF76,37
P0AED7,37
P0ACG1,37
Q97WD0,80
P0AEE1,37
P0AA97,37
Q97WH0,80
Q97ZV4,80
P60651,37
Q97UN7,80
Q97XK5,80
P69801,37
Q97U23,80
Q97WF6,80
Q97Z00,80
Q97YH6,80
P77091,37
Q97W63,80
Q97WP7,80
P0A744,37
P03817,37
Q47013,37
P0ABW3,37
P0C0K3,37
P0AAM7,37
P0ACG8,37
P37666,37
P75757,37
Q97WS0,80
Q97ZN8,80
P0DSG7,37
P0AG38,37
Q97YG7,80
Q97YC4,80
P76148,37
Q97WX7,80
Q980C8,80
P27859,37
P0DPN9,37
E2JKY7,37
P0A821,37
Q980S8,80
Q97WA6,80
P0AC65,37
P76273,37
Q97YL0,80
Q97VB0,80
Q980G6,80
P0ABT5,37
P0AET2,37
Q97VX3,80
P37177,37
P0A7H0,37
P0DN74,37
P52052,37
Q97V71,80
P69805,37
P00909,37
P0DQD7,37
P76340,37
Q97Z81,80
P0AB89,37
P77806,37
Q7LXL8,80
P46122,37
P15070,37
P25894,37
P0ACW4,37
Q7LXE2,80
Q97UY3,80
P76524,37
P36943,37
Q97X66,80
P39409,37
P09831,37
P14175,37
P58035,37
P77219,37
Q7LXW0,80
P80148,80
P0A8N7,37
Q97Z60,80
Q97WI0,80
Q981C7,80
P0AFM4,37
P0A948,37
P31991,37
Q9UWW5,80
P16430,37
Q7LX53,80
P0ACY3,37
P77453,37
Q7LXE8,80
Q97XV7,80
Q7LX42,80
P16691,37
Q981E0,80
P75895,37
P27375,37
P37309,37
Q980I6,80
P0A847,37
P75746,37
Q97WW8,80
Q7LXD8,80
P43667,37
P0A9W3,37
P37744,37
P95937,80
P32703,37
Q97TW4,80
Q97V96,80
P31828,37
P77156,37
P02931,37
P05041,37
Q7LYJ5,80
P0A7W7,37
P10408,37
P33366,37
P0ADR8,37
P75717,37
P0ABD8,37
Q97VQ0,80
Q980V2,80
Q97XQ5,80
P10378,37
P00914,37
P76235,37
P0AE28,37
Q97Z73,80
P28905,37
P63020,37
P06971,37
P32719,37
Q97ZK2,80
Q980G1,80
Q97ZT0,80
Q97ZV7,80
P31827,37
Q97X29,80
P0A8V2,37
P0A8R4,37
Q97WE2,80
P06846,37
P0AFA2,37
P18335,37
P75713,37
P0A951,37
P32135,37
Q97XR3,80
Q97X86,80
Q97XT4,80
P76092,37
P0A9R4,37
P22729,37
P39386,37
P0A8U0,37
P04983,37
P0AB71,37
Q97YS9,80
P58017,80
Q97TZ6,80
A5A619,37
Q97YP9,80
P27297,37
P21514,37
P23331,37
P12295,37
Q97XM4,80
P37330,37
P0AAZ0,37
P75894,37
P77625,37
Q97U96,80
P37627,37
P0AFM6,37
P52094,37
P0ABR5,37
P15993,37
P15977,37
P0A855,37
P37007,37
Q97ZZ9,80
C1P616,37
Q97WN0,80
Q97XY8,80
P39451,37
P77182,37
P42912,37
P77552,37
Q97UB4,80
Q97W72,80
Q97UJ2,80
P27862,37
P0AEP3,37
Q46893,37
Q97YZ5,80
Q97XN6,80
P75967,37
P76347,37
Q7LXS8,80
P46852,37
P0AEG6,37
Q97TW1,80
P77173,37
Q97XY0,80
Q7LXA5,80
Q97WX1,80
P0AB91,37
P21889,37
P06999,37
Q97ZD6,80
P42913,37
Q97UX6,80
P77674,37
Q97ZV8,80
P64506,37
P0ACS5,37
P0A738,37
Q97XT0,80
Q97U90,80
Q97XK7,80
Q97U01,80
Q06121,80
Q7LX56,80
Q97YE1,80
P95988,80
P25665,37
P58191,80
P0AEH8,37
P37647,37
Q97XU5,80
P0A890,37
P76298,37
P0AFL1,37
Q46811,37
P0DPM5,37
Q97YL5,80
P0A8L7,37
P25906,37
Q97WM1,80
P77179,37
Q97WU0,80
Q97WP8,80
Q97ZA4,80
P0AAF6,37
Q97VN3,80
P76177,37
Q97YP1,80
Q97X47,80
Q7LXU1,80
P27126,37
Q47679,37
Q97U43,80
P64619,37
Q97UN9,80
Q97Z96,80
P56257,37
Q46789,37
Q97W07,80
Q97TW2,80
P0A6L2,37
Q97XI6,80
P0DP70,37
P0A8P8,37
P0ABA0,37
Q97ZH1,80
P24175,37
P33344,37
P15029,37
P76256,37
P76513,37
P77364,37
Q980I0,80
Q97UW5,80
Q97XI3,80
P76213,37
Q97UI5,80
Q97UM0,80
P58029,80
P60240,37
Q980H8,80
Q7LX81,80
Q7LXW9,80
P0AFX0,37
P76335,37
Q97W68,80
P0A993,37
P0AG24,37
P39375,37
P21179,37
P0AAM3,37
P37686,37
Q97Y90,80
Q97WT3,80
Q97Z84,80
P0CE48,37
Q97WR0,80
Q97VG5,80
P0AEJ2,37
P11349,37
P05523,37
P76346,37
Q46814,37
P33341,37
P0A9V8,37
P26646,37
P0A9P9,37
P76639,37
Q97YN2,80
Q9UX32,80
Q97X09,80
P65807,37
P76011,37
Q97YU2,80
Q97ZC2,80
P18393,37
P0ACQ4,37
P38489,37
Q7LXY1,80
P16095,37
P0DPO7,37
P0ACK2,37
P00805,37
A0A385XK32,37
P60584,37
P0A6V1,37
Q7LXD9,80
P0ADN2,37
P21418,37
Q97VP8,80
P17952,37
P29012,37
P39284,37
P0AG67,37
P76341,37
Q97X68,80
Q7LX62,80
Q97XH8,80
P75858,37
Q980L6,80
P15639,37
P42604,37
Q980K8,80
P0ABK2,37
P76134,37
P23873,37
P77272,37
Q97UP3,80
Q06065,37
Q97YG3,80
Q97UD9,80
P76196,37
Q97ZD0,80
P0C0T5,37
P0ACE0,37
Q97UD5,80
Q55075,80
P31468,37
P67826,37
Q97VH5,80
Q97U61,80
Q97UM5,80
P77329,37
Q7LXK2,80
P0AE85,37
P77506,37
Q97UN6,80
Q97W06,80
P32128,37
P08179,37
P76093,37
P76641,37
P0AD79,37
P77467,37
Q97TV1,80
Q07635,80
P08390,37
P0ABP8,37
Q97WY5,80
P37689,37
Q97VW2,80
P00936,37
P0AC30,37
P27248,37
P69330,37
Q97ZN2,80
P09394,37
Q97V66,80
P45464,37
P0AEB0,37
Q97U09,80
P76485,37
Q97XL5,80
P38393,37
P64530,37
Q47150,37
Q97U21,80
P23794,80
P07003,37
P0AAR3,37
P76113,37
P64616,37
Q97Z52,80
P31125,37
Q7LXT0,80
P37340,37
Q97YI0,80
P76208,37
Q980J1,80
P77214,37
Q97W40,80
P46891,37
Q97XI0,80
P30844,37
P45472,37
P37195,37
P33342,37
P0AFK2,37
P76080,37
Q97U83,80
Q97YE4,80
Q97Y84,80
Q97ZC8,80
Q97W55,80
Q97ZH6,80
P0ADX9,37
Q97WY2,80
P45578,37
Q46942,37
P76458,37
P0A817,37
P30137,37
P95992,80
Q7LXW8,80
P28304,37
P39831,37
P77649,37
Q9UXF7,80
P42619,37
P11875,37
C1P617,37
Q97XT2,80
P0AFL3,37
P77163,37
P75764,37
P16690,37
Q981E3,80
P37663,37
Q97YM1,80
Q46905,37
P28915,37
P39161,37
P77781,37
P0AGF4,37
P30847,37
P06993,37
P29018,37
P76692,37
P42590,37
Q97WB8,80
P0A799,37
P76201,37
P64453,37
Q97X42,80
P0AAN9,37
P95970,80
P06609,37
Q97VW5,80
Q97UT8,80
P0A6A6,37
P22634,37
P0A9G8,37
P0AEV7,37
P13738,37
P77257,37
P10423,37
P0A9F3,37
Q97XH1,80
Q7LX74,80
P30138,37
P0A805,37
Q97WY3,80
P0ABQ2,37
Q97YL4,80
Q9UWX2,80
Q97YI7,80
Q46834,37
P00804,37
P60785,37
Q97VI1,80
P0AAN1,37
P64423,37
Q97UM7,80
Q97ZZ8,80
P50384,80
P69853,37
Q980D4,80
P0AAY6,37
P0A8J4,37
P0AB46,37
P25740,37
Q97YB7,80
P39165,37
Q97VP1,80
Q97YC7,80
Q97WY7,80
Q97ZY2,80
P77541,37
P0C0S1,37
P0ACD2,37
P75800,37
Q980H7,80
P0AAS9,37
Q97ZL2,80
P21513,37
Q7LX55,80
P76542,37
Q97XC4,80
Q97UE4,80
P04982,37
P77247,37
P77718,37
P32705,37
P76938,37
P75767,37
Q980E4,80
Q97YD7,80
P19934,37
P39404,37
P45425,37
Q980I4,80
Q97WU1,80
Q97ZP8,80
P76387,37
Q97YQ1,80
Q97UV5,80
Q97XY3,80
Q97XJ4,80
P0AEG4,37
P45955,37
Q7LXP1,80
P36659,37
Q97XS8,80
P0AE58,37
Q7LXM9,80
Q97UN3,80
Q97V34,80
Q97WL8,80
Q97XD7,80
P77774,37
P39363,37
Q97W14,80
Q97X87,80
P0ACT6,37
P0ABX2,37
P37001,37
Q97YS5,80
P0AA60,37
Q9UWT5,80
Q97UZ4,80
P0ACL5,37
P0A6D0,37
O33770,80
Q97V47,80
P0AEK0,37
Q97YY3,80
P24218,37
P37013,37
P08337,37
P0AAD8,37
Q97XP1,80
Q97W46,80
Q97ZT7,80
Q97YM8,80
P37590,37
P76509,37
P30131,37
Q7LXY6,80
P39276,37
P76275,37
P64432,37
P45532,37
Q97X94,80
P46850,37
P00895,37
P75849,37
Q47689,37
P39384,37
P02932,37
Q97YQ7,80
Q97XW8,80
Q980J5,80
P31456,37
P0AFY6,37
P32143,37
Q7LYL5,80
P39374,37
P76264,37
P0ABD1,37
P58041,37
Q97UG0,80
Q97YQ8,80
Q7LXH9,80
Q7LXS2,80
Q7LXT8,80
Q97WG0,80
Q7LXU9,80
Q7LXZ4,80
P16689,37
P75991,37
Q97VU8,80
P76076,37
Q97V03,80
Q97WM8,80
P0AF28,37
P23842,37
P11988,37
Q97Y18,80
Q2EES1,37
Q97UM2,80
P0ACP1,37
P0A959,37
P28246,37
P0A9H9,37
P42591,37
P0A955,37
P31553,37
C1P602,37
P0ACF0,37
Q7LXH6,80
P10902,37
Q97XC7,80
P32141,37
Q97UC2,80
P75977,37
P02359,37
Q97YE6,80
Q980Z3,80
P0A705,37
Q97ZB0,80
P0AAU5,37
P45756,37
P15081,37
P75823,37
P77554,37
P63177,37
P07013,37
Q97YD5,80
Q97WF1,80
Q97US8,80
Q97U12,80
Q97UP7,80
Q981B9,80
P42624,37
Q2M5U1,37
P24554,37
Q97UT0,80
P0AAZ4,37
P0ABN1,37
P0AEE3,37
Q97UY0,80
P0AAB8,37
P69829,37
P52139,37
P32106,37
P06966,37
P76056,37
P52061,37
Q97YR7,80
Q97U44,80
P18777,37
P39208,37
P0ACU0,37
P0AG51,37
P0AFF6,37
Q97Y04,80
P0DSH0,37
P15723,37
P0AES0,37
Q97XR8,80
Q97X60,80
P77485,37
P0DSF1,37
P11446,37
Q97ZB9,80
A5A628,37
Q97Y97,80
Q981A0,80
P76205,37
Q97UQ0,80
P45566,37
P27241,37
Q97X73,80
Q97TZ7,80
P21515,37
Q981C2,80
P10346,37
P95914,80
P33647,37
Q97X78,80
Q97ZL6,80
Q980H6,80
P60869,37
P0AB18,37
Q97Y22,80
Q97ZI1,80
Q97ZH4,80
Q97XY2,80
Q97UR3,80
P0AC05,37
P30149,37
P0AB93,37
Q97Z54,80
P0A9M2,37
Q97VF6,80
P76344,37
P25738,37
P46923,37
P16256,37
P75712,37
P0A8E5,37
Q97YR9,80
P0AE78,37
Q981A9,80
P39364,37
P0AD01,37
P0ACW0,37
Q97YL7,80
P0ADA1,37
P76621,37
P76085,37
P0ACM9,37
Q97Y24,80
P33916,37
Q97Z64,80
P52125,37
P64585,37
P37329,37
Q980E5,80
P75993,37
Q980Q1,80
P0A9G4,37
P03960,37
P77716,37
P39298,37
Q97XV9,80
P75829,37
P06983,37
Q97UI0,80
P61949,37
Q7LXJ0,80
Q97XX7,80
Q97YV1,80
P0A828,37
Q7LXF8,80
P75691,37
Q97VA2,80
P41039,37
P56256,37
Q7LYJ9,80
Q97ZS9,80
Q97U50,80
P32157,37
P0AAS0,37
P0A6P9,37
Q7LY08,80
Q97ZQ1,80
P77318,37
P0DSG4,37
P25741,37
Q97YG4,80
P96039,80
P0DP21,37
P77757,37
P0DSG8,37
P0AFB5,37
Q06067,37
P39176,37
P27844,37
P0DPP2,37
P0AFG0,37
P52135,37
P0AE56,37
Q97ZM5,80
P0AEH5,37
Q7LXX2,80
P0AAQ2,37
Q97VF9,80
P77434,37
P0ADG4,37
P60546,37
P09099,37
P0AA47,37
Q97ZL8,80
U3PVA8,37
P95928,80
Q7LXW6,80
P0AF10,37
P65367,37
P0DPC9,37
Q980G8,80
Q980B7,80
P23484,37
P77732,37
P0A924,37
P22586,37
Q7LXM8,80
P76474,37
Q7LX76,80
Q97YM0,80
Q97WQ5,80
P00961,37
P77326,37
Q981A7,80
P0AAV6,37
P75946,37
P76149,37
P0A8I5,37
P64512,37
Q9UX21,80
P76007,37
Q97VJ0,80
Q47688,37
P0A912,37
P76078,37
Q97YQ6,80
P0A9I8,37
P75711,37
Q980M5,80
Q97WB9,80
Q46898,37
P31224,37
P00894,37
Q97V78,80
P0AFI9,37
P0AA82,37
P02921,37
P76502,37
P21829,37
P75948,37
Q9UXC2,80
P76323,37
Q980K3,80
P08550,37
P0AG90,37
P0A6L9,37
Q980A4,80
P23173,37
P21893,37
P0A9B2,37
Q97VB2,80
Q97TY1,80
P0A752,37
Q97Y41,80
Q97VS4,80
P36879,37
P75969,37
Q97VM4,80
P10805,37
P76319,37
P77766,37
Q97XB5,80
P23893,37
P0A7Q1,37
Q97UF1,80
P37681,37
P37326,37
P05020,37
Q7LXI0,80
P80645,37
P77504,37
Q980X6,80
P37672,37
Q97YT6,80
Q97TV9,80
P33230,37
Q97YX3,80
Q97UT9,80
P11557,37
Q980U6,80
Q97YK8,80
P37630,37
Q97V52,80
P0AEX7,37
P76471,37
P39832,37
Q97WD4,80
Q97X35,80
P0DPO2,37
Q97YF3,80
Q97ZT6,80
Q97WX5,80
Q97U56,80
Q97Y00,80
P0A9X1,37
P75915,37
Q7LXW3,80
P18390,37
Q9UXA2,80
Q97VL1,80
P32160,37
P75782,37
P0A8K8,37
P77704,37
P03014,37
P77295,37
P69924,37
P95931,80
Q97VS1,80
P23895,37
Q97US9,80
P76169,37
P32716,37
Q97YP3,80
P07010,37
P0A6J1,37
P0DP63,37
P36547,37
P09323,37
Q97YY8,80
P76239,37
P11072,37
P0AFJ7,37
P16429,37
P77416,37
P95957,80
Q97VD4,80
Q7LX89,80
Q97VQ4,80
P76630,37
Q97TX9,80
P0ACE3,37
Q980G0,80
P22106,37
P36881,37
P45579,37
P0AD35,37
Q7LXT1,80
Q97YW7,80
Q97W05,80
P69776,37
Q97VR5,80
P23930,37
P11667,37
Q97XN7,80
P05852,37
P0AE14,37
P0AG20,37
P77338,37
P0A879,37
Q97X10,80
Q97UY9,80
P0A8H6,37
P09832,37
P60664,37
Q980X5,80
P58037,37
Q97U81,80
P67338,37
P06959,37
Q97WK0,80
Q97YQ3,80
P08394,37
Q97XW9,80
P76128,37
Q97VT6,80
P31675,37
Q97WC5,80
P32680,37
Q97UI3,80
Q97VG9,80
Q7LXF3,80
Q97YR8,80
Q97UR7,80
Q97W56,80
Q980Q7,80
P77221,37
P0AFS1,37
P33599,37
P07762,37
P24242,37
P0CF60,37
P0DPP3,37
Q97XR1,80
P16431,37
P76577,37
Q97WP1,80
Q46829,37
Q97ZK0,80
P0ABS5,37
P31600,37
P39376,37
P69210,37
P0ACI6,37
P77439,37
P76008,37
P21888,37
P32704,37
P07001,37
Q97WB2,80
P77463,37
P15078,37
Q97U68,80
P0DMC9,37
P75893,37
P27242,37
P0AG07,37
P0A9R7,37
Q97US1,80
Q7LXW7,80
P76064,37
P0AC02,37
P0AEL6,37
P64636,37
Q980N1,80
Q97VS7,80
Q97V88,80
P75801,37
P28638,37
P16869,37
Q980N6,80
P76459,37
P0ACL2,37
Q7LXQ6,80
P60782,37
Q97ZB3,80
P0AEJ0,37
Q97XS1,80
Q97TU7,80
Q97VR4,80
Q97WU8,80
Q980I3,80
P0DPO4,37
P0DPO6,37
P27829,37
P60560,37
Q7LX72,80
P19931,37
P0A6Y8,37
Q97VP4,80
Q97X95,80
P76549,37
P0CF09,37
P75780,37
Q97X38,80
P26612,37
Q97V69,80
P77304,37
Q7LX34,80
Q97Y11,80
Q97V95,80
Q97Z24,80
Q97VX2,80
Q97VA4,80
Q97VH8,80
P25744,37
P45804,37
Q980Z8,80
P75955,37
P39411,37
P64562,37
P39270,37
Q97UW8,80
P58192,80
Q97VE5,80
Q97WU3,80
P00934,37
Q97VE3,80
Q97ZU0,80
Q97ZX7,80
P0A7U7,37
Q97XH2,80
P75697,37
Q97VK2,80
Q97WK1,80
Q97XP4,80
P0C037,37
P19768,37
P39370,37
Q97Y32,80
Q97ZQ5,80
Q97ZE5,80
P76136,37
Q97VG7,80
Q97UU0,80
P0AAA3,37
P32672,37
Q7LXE6,80
Q97TZ1,80
P07658,37
Q93K97,37
P76108,37
P33018,37
P0ACL7,37
Q97UH0,80
Q9UX81,80
Q7LXZ0,80
P39328,37
P0AAW1,37
P43672,37
P31062,37
P0ABE2,37
Q97Z36,80
P15288,37
P00393,37
P63201,37
Q9UXG3,80
P0A8L1,37
Q97XB6,80
Q7LXJ1,80
Q97UL7,80
Q9UX86,80
P32140,37
P0A809,37
P62066,37
P07464,37
P32099,37
Q97UR9,80
Q97ZF5,80
P46141,37
Q7LX66,80
P37017,37
P46883,37
P0A9E5,37
P0CF86,37
Q2EES3,37
Q97Y42,80
Q97YK2,80
Q7LX63,80
P77237,37
Q7LXR9,80
P23857,37
P0AAX8,37
P0AFP0,37
Q97UK1,80
P39309,37
P77546,37
Q97Z90,80
Q97YG9,80
P24188,37
Q97VL3,80
P0AE52,37
P0AG14,37
Q97YQ0,80
Q97UF9,80
P33221,37
P06864,37
P0AAS7,37
P0ABX5,37
P32156,37
P36553,37
Q97XZ9,80
P0A8M3,37
P76249,37
Q9UX05,80
P32056,37
Q97YF6,80
Q97VG0,80
P04846,37
P0A6Y1,37
Q97V54,80
P95990,80
P0ADK4,37
P16701,37
Q47319,37
P77374,37
Q97XX3,80
P32715,37
Q980Y7,80
Q97YW9,80
Q7LX88,80
Q981C1,80
P0ADE6,37
P00350,37
P13857,37
P0ADF0,37
P75908,37
Q7LX96,80
P0AAD2,37
P0AE22,37
P76215,37
Q980T7,80
P42599,37
Q97VQ7,80
Q2EEQ8,37
P0A707,37
P77739,37
Q981D8,80
P07330,37
Q97Z97,80
P76112,37
P13458,37
Q97Y82,80
Q97VN5,80
P31452,37
P0AD21,37
Q97VW9,80
P37645,37
Q97W70,80
Q97VI2,80
Q97VL2,80
Q97W38,80
Q980V7,80
P11864,37
Q97YP7,80
Q97Z45,80
P69054,37
P24238,37
P75838,37
Q46824,37
Q980S6,80
P28249,37
P25747,37
P77359,37
Q97XU4,80
Q97VI9,80
A5A630,37
P11291,37
P75826,37
P52645,37
Q97UD4,80
P36562,37
Q97TZ2,80
Q46800,37
P31068,37
Q97VQ5,80
Q97WK5,80
Q97WL4,80
P10905,37
Q97W26,80
Q97TX5,80
Q97XV8,80
P05637,37
Q97Z10,80
P0ABH9,37
P0DSF4,37
Q97V50,80
P32109,37
P0AA99,37
P04079,37
Q980J3,80
Q97ZS1,80
Q97WG4,80
P23877,37
P45545,37
P0ACB7,37
Q97XR2,80
Q7LXV2,80
P0ACA1,37
P0ADU2,37
P02925,37
P0A6T3,37
Q97UZ0,80
P21503,37
P0ACF4,37
P06968,37
Q97UT5,80
Q97UQ7,80
P37016,37
P76042,37
P77354,37
P13669,37
Q97Y70,80
P77733,37
Q97YM7,80
Q7LYK2,80
P0AD40,37
Q97Y83,80
P0AE82,37
Q9UWX9,80
Q97ZG0,80
P33940,37
P00509,37
Q97YE0,80
P0A7B5,37
P0AEK4,37
Q97WG7,80
P45508,37
P0DPO0,37
Q97WV4,80
Q97XX9,80
Q9UWW8,80
Q97XV2,80
Q7LXK9,80
P0AEM0,37
P0A725,37
Q7SI94,80
Q97WT1,80
P07813,37
P42914,37
Q9UX95,80
Q46864,37
Q97XH9,80
P19769,37
P13029,37
Q97YD9,80
P14377,37
P36979,37
P39394,37
Q97V13,80
P64517,37
P32167,37
Q7LXZ8,80
P60955,37
P52138,37
Q97X21,80
P95979,80
P15082,37
Q97X93,80
P0AGG0,37
P27836,37
P42915,37
P77206,37
P76243,37
P77588,37
P30850,37
Q97X71,80
Q97VD9,80
P75836,37
P0ACB0,37
P0AA84,37
Q97ZE3,80
P31061,37
Q7LXT2,80
P0AF20,37
Q97UW4,80
Q97Z94,80
P0A986,37
P76187,37
Q97YZ9,80
Q97WG5,80
P33021,37
Q97ZC1,80
P36677,37
P39337,37
P27278,37
Q7LXE0,80
P77263,37
P0AG59,37
Q97X36,80
P33591,37
P31552,37
P0A8C1,37
Q980V0,80
Q97U75,80
P31134,37
Q7LXJ2,80
P0AGF2,37
Q97ZT8,80
Q97WK6,80
P75910,37
P41442,37
P0AEV1,37
P31453,37
Q9UX89,80
P77714,37
Q7LXY7,80
P0AD17,37
P0AFC0,37
P0A6Z6,37
P75979,37
P77328,37
A5A624,37
P45848,37
P11868,37
Q97V63,80
P0A998,37
P68183,37
P0AAP1,37
Q97ZY4,80
Q97VR6,80
Q97YA0,80
Q97YF2,80
Q97WP9,80
Q97W58,80
Q97XC3,80
P0A6F3,37
Q97WX4,80
Q97X70,80
Q97VP6,80
P42630,37
Q97VZ4,80
P27300,37
Q97X23,80
Q980X3,80
P05459,37
P75737,37
P76027,37
Q97VI6,80
P77481,37
Q97VN2,80
Q97YQ9,80
Q97WR4,80
P0A7D1,37
P0CF89,37
Q97XK3,80
P32694,37
Q97W39,80
Q97VW3,80
P17888,37
P00887,37
Q97ZE4,80
P25798,37
Q980B2,80
P0AB03,37
P25516,37
P0A8R0,37
Q97WR8,80
P0AGJ5,37
P0AAW9,37
P76658,37
P0AB87,37
Q97Z23,80
P95989,80
P64526,37
P52086,37
P75677,37
P52131,37
P09833,37
P24244,37
P24200,37
Q97Z30,80
P24174,37
P58176,80
P95867,80
P45736,37
Q97Y34,80
Q97W11,80
P00956,37
Q97WJ0,80
Q980L8,80
P46854,37
P27837,37
P39476,80
Q97WV7,80
P32125,37
P52599,37
P27111,37
Q981C6,80
P77754,37
P39163,37
P32670,37
P0AF56,37
Q97Y77,80
P77381,37
P77495,37
Q97V07,80
P0A8K1,37
P24173,37
P0AEL3,37
Q980H0,80
Q47138,37
Q7LXE1,80
P77315,37
Q7LXN1,80
C1P5Z9,37
Q97XB3,80
Q97VU7,80
P0A763,37
P0A953,37
Q97ZW7,80
P24555,37
P77423,37
P32057,37
Q97TW6,80
P45762,37
P0AE95,37
P28697,37
P0AAN3,37
P23917,37
Q46808,37
P55858,80
P0ADZ0,37
P0AA80,37
P0AFZ3,37
P77790,37
P0A8U2,37
P0ABD3,37
P39408,37
P27838,37
P77475,37
P75960,37
P0AB67,37
P37794,37
P0A6E1,37
Q7LXV5,80
P76141,37
P76146,37
P75682,37
P77148,37
Q980V6,80
P67080,37
P25553,37
Q97VF3,80
Q97ZA6,80
P0A8V0,37
Q97TX8,80
P0A978,37
P0AEP9,37
A0A385XJK5,37
P37642,37
P0AFZ5,37
P36661,37
Q97V75,80
P0ABG4,37
Q97X90,80
Q97UB1,80
P77858,37
P0AAF1,37
Q97Y16,80
P37305,37
Q97YX1,80
P39830,37
P35026,80
Q9UX79,80
Q97TV5,80
Q97XP9,80
Q97U69,80
Q97X24,80
P76352,37
P0AD07,37
P69432,37
P0AF86,37
P05704,37
P46889,37
P0AFY8,37
Q97XC0,80
Q7LX68,80
P75936,37
Q97Z91,80
Q97XL8,80
P0A8I3,37
Q97ZU9,80
Q97XV1,80
Q97YP6,80
Q980S1,80
P39351,37
P0AF43,37
P0ADT5,37
P38684,37
P37635,37
P0A8D3,37
Q97XY1,80
A5A625,37
Q9UX31,80
Q97ZQ2,80
P58095,37
Q7LXF1,80
Q7LXL4,80
P02338,37
Q97YT5,80
Q97WR6,80
P0A7R9,37
Q7LXX6,80
P03018,37
P45757,37
Q97WQ6,80
P16677,37
Q97VA0,80
P58157,80
P0A898,37
Q97V91,80
Q7LXR7,80
P76115,37
P0AE74,37
Q97XL9,80
Q97W80,80
Q97VP3,80
P39334,37
P76172,37
Q9UWW2,80
P32701,37
P0DSF5,37
P32664,37
Q97VF2,80
P21507,37
Q9UWX3,80
P42616,37
Q97ZZ3,80
P0AFL9,37
Q97UC4,80
Q97YA1,80
Q97TY2,80
Q97U03,80
Q97W99,80
P0DSF6,37
P32170,37
P31808,37
Q97VG2,80
P17802,37
P27305,37
P0AGL5,37
P27828,37
P76157,37
P76349,37
Q97WH1,80
Q97TV0,80
P77307,37
Q97U11,80
P0DUM3,37
P76096,37
Q97V02,80
Q97X82,80
Q97YW0,80
Q7LXE7,80
Q97W47,80
P33570,37
P06612,37
Q97XZ1,80
P0AFU8,37
P45530,37
Q980M6,80
P28632,37
P32674,37
P33025,37
Q46865,37
P0A9S7,37
P33602,37
Q97UK2,80
Q46831,37
Q9UXB1,80
Q97ZT5,80
P0DPC5,37
Q9UXF8,80
P37049,37
P45468,37
Q97Z37,80
Q97XZ2,80
P11071,37
P0AFR0,37
Q97WM7,80
P13016,37
Q7LYL6,80
P75678,37
P0DPO3,37
Q97YC0,80
P32162,37
Q97U18,80
P39400,37
P07821,37
Q97YK7,80
P0AFT2,37
P37674,37
Q97ZF9,80
Q47690,37
P0C066,37
P07024,37
Q97XJ0,80
P39371,37
P30871,37
Q97Y43,80
P39358,37
P0DPP5,37
P71237,37
P45753,37
Q7LXN6,80
Q97YA4,80
Q980R9,80
P33924,37
Q97YN6,80
Q97U63,80
P28306,37
A5A616,37
P75916,37
Q9UXF5,80
Q97U06,80
Q97Y52,80
Q97ZQ6,80
Q97Y96,80
P0AC55,37
Q97Z13,80
P0ADQ5,37
P76553,37
P56614,37
Q7LXN2,80
Q97WL0,80
P0ADI4,37
P23325,37
Q97WM6,80
Q7LX46,80
Q980J8,80
Q97WR5,80
Q97ZR2,80
P0AG96,37
P0A7K6,37
P0AA37,37
P37749,37
P0A6E4,37
P05791,37
Q97YU0,80
Q97Y01,80
Q97YR1,80
P45546,37
P27833,37
P52067,37
P27128,37
Q97ZW4,80
Q97WD9,80
P33590,37
Q980U2,80
P10371,37
Q97V83,80
Q7LXN5,80
P0AD19,37
Q97ZH2,80
P0CE53,37
P64471,37
Q97UX5,80
Q46939,37
P0ABK5,37
Q97WU6,80
P06986,37
P46853,37
P0A729,37
P07012,37
P0A8D0,37
P0A8B2,37
P0A9F9,37
P77768,37
Q97VT7,80
P06992,37
Q97VJ5,80
Q97ZL9,80
P60906,37
Q97XX6,80
P0ADJ8,37
P37146,37
Q97XQ6,80
P33358,37
P0ACL0,37
Q97YG2,80
P0AEX9,37
Q980Q2,80
Q7LX98,80
P0AF06,37
P03004,37
Q97U37,80
Q97ZH0,80
P52130,37
Q97W60,80
P77437,37
Q97VM7,80
P75897,37
P52129,37
Q980Y0,80
P17854,37
Q97W91,80
Q97VP0,80
P0ABP6,37
P0A720,37
Q97U64,80
P05825,37
P64567,37
Q7LXR2,80
Q97X01,80
Q97WH5,80
P77379,37
Q980W2,80
P33593,37
Q97VV4,80
P0A6A0,37
Q981A8,80
P24181,37
P13039,37
Q97XV6,80
Q7LX47,80
P02943,37
P76214,37
Q981C8,80
P77515,37
P75779,37
P77256,37
P37665,37
P75971,37
Q97XZ5,80
Q97UC6,80
P39177,37
P64590,37
P33596,37
P0AE34,37
P32137,37
P0DSE7,37
Q9UXF3,80
Q97XS4,80
P76023,37
Q97ZL0,80
C1P605,37
Q9UXG7,80
P28722,37
P77309,37
Q97UL3,80
P19319,37
Q97ZM7,80
O33768,80
P76017,37
Q46840,37
P0A8P6,37
Q7LXQ8,80
Q97X11,80
P33554,37
P00864,37
Q7LXG5,80
P23482,37
Q46861,37
Q980R4,80
P46849,37
Q97XB2,80
P0ACQ7,37
P0AEQ1,37
P0ACM5,37
Q97ZM0,80
Q97UK8,80
Q7LX71,80
P37909,37
P42589,37
P50457,37
P24192,37
Q97VS5,80
Q97V17,80
P0AGG4,37
P30870,37
Q97WW3,80
P36662,37
A5A617,37
P24241,37
Q97ZI9,80
Q97W17,80
Q97U91,80
Q97Y85,80
P08190,37
Q97V74,80
P0AB77,37
P0AAU7,37
P0A7E5,37
P75796,37
Q97TW7,80
P38521,37
P62768,37
Q980U0,80
Q97X69,80
P45421,37
P27296,37
Q9UXC7,80
Q97UM4,80
Q97ZC9,80
Q97VN1,80
P0DSG2,37
Q46809,37
Q97Y58,80
Q97Y06,80
P36548,37
Q46927,37
P00962,37
P04395,37
Q97YA6,80
P77174,37
Q97ZE0,80
Q97VQ6,80
P64596,37
Q97WG8,80
Q97ZP2,80
Q9UX24,80
P0AAT2,37
P30128,37
P76573,37
Q97ZD3,80
P09980,37
P0A7T7,37
Q2EES0,37
P0CF82,37
Q97Z40,80
P0ADT8,37
Q7LY00,80
Q7LXM4,80
P0A6B4,37
Q97VZ0,80
Q97UX4,80
P0AA43,37
P77694,37
P04036,37
Q97YX6,80
P0AFW2,37
P19323,37
P0AD86,37
C1P607,37
P15067,37
Q97YM5,80
P39301,37
Q97YR3,80
Q97X46,80
P0ACC9,37
P31471,37
C1P611,37
P31658,37
P38055,37
Q97Z22,80
P05050,37
P64445,37
P16919,37
Q97VD0,80
Q97UW3,80
P21363,37
P37095,37
P00904,37
Q97YL6,80
P31462,37
P64588,37
P0A9U6,37
P0A6I0,37
P0AES2,37
P06988,37
Q97UF7,80
Q97ZI0,80
P76446,37
Q97XV5,80
P11350,37
P76241,37
P42632,37
Q97U27,80
Q97W28,80
P39180,37
Q97WH3,80
P22524,37
Q47208,37
P15028,37
P25535,37
P76216,37
P0AFQ7,37
P76176,37
Q97YU3,80
Q97ZN3,80
Q97X04,80
Q97Z50,80
Q97U13,80
P28631,37
P37643,37
Q97WC6,80
P37680,37
Q97WW6,80
Q97ZR1,80
Q97UF6,80
Q980N7,80
P37748,37
P0AD96,37
P16700,37
Q97UU9,80
P0DSE4,37
P12995,37
Q97XL7,80
P31121,37
P0A9U8,37
Q7LXJ3,80
P14909,80
P0ADX5,37
P76506,37
Q97UQ1,80
Q97UH9,80
Q97XW0,80
Q97ZX9,80
Q97VF1,80
Q97VC0,80
P0AGM7,37
P45767,37
Q97Z92,80
P0AFT5,37
P0AGM5,37
P58034,37
Q97XX1,80
P0A6C1,37
P75892,37
Q97XS9,80
P20099,37
P0AD70,37
P0AEJ4,37
P0AD47,37
Q97Z87,80
Q97WI3,80
P00634,37
P0DSG6,37
Q7LX70,80
Q97XK9,80
Q97WP4,80
Q97VM9,80
Q97UX9,80
Q97Z34,80
Q46920,37
P28369,37
Q97VM5,80
Q97UT7,80
Q97XT1,80
P71243,37
Q47377,37
P0A9K3,37
Q7LXX0,80
Q97V98,80
P0AGC7,37
P46857,37
Q980F8,80
P0ACF8,37
P17411,37
P0AAR5,37
Q7LXT3,80
P33015,37
P0AA10,37
P52627,37
P31548,37
P0A7I0,37
P0DSH5,37
Q7LYJ6,80
Q97Y75,80
P0DSH2,37
Q980S5,80
Q97VH6,80
P77610,37
Q9UX84,80
Q97VF8,80
P76137,37
Q9UX10,80
P67601,37
Q46786,37
P07004,37
Q980K6,80
P24203,37
P31574,37
Q97VZ1,80
P95960,80
Q97V79,80
P68398,37
P31057,37
P33195,37
Q97ZA7,80
Q97VZ3,80
P09184,37
P02924,37
Q6BF87,37
P0ABW9,37
Q7LXI8,80
P0AGE9,37
P0AGA6,37
P77538,37
Q97U67,80
Q980F0,80
P0AEL8,37
Q97W52,80
P0A7I7,37
Q97YF1,80
P0A9C9,37
Q97UJ0,80
P64631,37
Q47268,37
Q97X98,80
Q97UZ3,80
P0AE67,37
Q97XA4,80
P31806,37
P46837,37
P41036,37
P0ADR6,37
P69795,37
P76461,37
P77607,37
P0A761,37
P11880,37
Q97XG5,80
Q97Y89,80
Q97Z51,80
P0AAI5,37
P69681,37
P0AD68,37
Q980P5,80
P0AG03,37
P0ACH1,37
P0AEQ3,37
P67127,37
P69820,37
Q9UX09,80
P67087,37
P0A7Z0,37
Q97UY6,80
P0A9D2,37
P76486,37
P37051,37
C1P614,37
Q981A5,80
P0AGM2,37
Q97ZN6,80
P0A8W8,37
P09557,37
Q97Z14,80
P0AFE8,37
Q46796,37
P0ACS7,37
P38051,37
P77260,37
Q97YA3,80
Q97XF9,80
P0DSH3,37
Q97U35,80
P0AA63,37
P61320,37
P0DSE6,37
P33345,37
Q97VN7,80
Q97X28,80
P77252,37
P0DSH8,37
P69910,37
Q980N0,80
P0A6L7,37
Q97XA2,80
Q97Z07,80
P21866,37
Q97VI8,80
Q97TV4,80
P77169,37
Q97VQ2,80
Q7LX91,80
P0ACS9,37
Q9UX29,80
P0DPP4,37
C1P610,37
P0A858,37
O33776,80
P00448,37
P36680,37
Q57083,37
P0AGB3,37
Q97VC6,80
Q97W90,80
P06610,37
P45577,37
Q97U57,80
Q980I7,80
Q97WS7,80
P23847,37
P0ABB4,37
Q97TW0,80
P33012,37
P77395,37
P0A7E9,37
P0AFD6,37
Q97U02,80
P33232,37
P0AGK1,37
Q97U48,80
Q46943,37
P0A7J3,37
P0AEB5,37
P0AAV4,37
P0AGK4,37
Q97X39,80
Q97YE8,80
Q97ZJ3,80
Q97U32,80
P37188,37
P76543,37
P0AF54,37
P0A8G6,37
P0AGG8,37
P0ADL1,37
Q97WN9,80
P76440,37
P0A917,37
P0AAU2,37
P69425,37
Q97ZP0,80
P71244,37
Q97VL6,80
P32685,37
P75693,37
P0DMC7,37
Q46919,37
Q46896,37
P16684,37
Q97WS4,80
Q97Z15,80
P76562,37
Q97XB9,80
Q97XC8,80
P75810,37
P08555,37
Q9UX04,80
Q97UD0,80
P76515,37
P95958,80
P0ABF4,37
Q97ZJ7,80
Q980I5,80
P31802,37
Q97TV7,80
P0A6Y5,37
Q980F6,80
P0A8A2,37
P37147,37
P0A9G2,37
P0DPN7,37
P77731,37
P24205,37
P75680,37
Q46889,37
P0ADS6,37
Q7LXS7,80
P31551,37
P0A6Q3,37
Q7LXU0,80
P33234,37
P77319,37
P31678,37
Q47157,37
P45524,37
P04152,37
P45771,37
Q97WM0,80
P62615,37
P0AD83,37
Q97VF0,80
P45544,37
P24232,37
P32176,37
P37056,37
P0AA39,37
P42620,37
P77488,37
Q97YI4,80
P30015,37
P0AFW0,37
Q47005,37
Q981B2,80
P0AFE0,37
Q7LXY0,80
Q97WW1,80
P0AAK7,37
Q46843,37
P0ACI0,37
P0C0U4,37
Q97YH2,80
Q97Z21,80
P0AAW5,37
P31554,37
Q97YZ6,80
P0AG44,37
Q97YX5,80
Q7LXI9,80
P00935,37
P16688,37
Q2EEP9,37
P64578,37
Q97ZC6,80
P80857,80
P0A742,37
P37650,37
P0AFB8,37
P75745,37
P0AD10,37
Q97WE0,80
Q97ZP4,80
P46068,37
P62517,37
Q97YH4,80
O52982,37
Q97XD8,80
Q97Y02,80
P31063,37
P04994,37
P15006,37
P76135,37
P39406,37
P28911,37
Q97TV2,80
P0AD12,37
P0A7C2,37
P33941,37
Q7LXV9,80
Q97WF4,80
Q47146,37
P52108,37
Q980L4,80
Q7LXI2,80
P52636,37
P76004,37
Q97ZP5,80
Q97UQ9,80
P0AB74,37
P00944,37
Q7LXY2,80
P0A756,37
P30925,80
P0C8J8,37
Q97ZY1,80
P27842,37
Q97XA8,80
P26458,37
Q2MB16,37
P76505,37
P77609,37
Q97W20,80
Q97XL6,80
P45769,37
Q97V15,80
P0A7N9,37
P0A850,37
Q2M7X4,37
Q97ZY7,80
P32151,37
Q97ZN1,80
P17446,37
Q97UV3,80
P39187,37
P76055,37
Q97TW5,80
P75970,37
Q7LXN3,80
P37683,37
Q46888,37
P76049,37
P0AFE4,37
Q97UB2,80
Q97X19,80
Q97YC5,80
Q97XN9,80
P37648,37
P18776,37
P37669,37
P76175,37
Q97WV8,80
P0AFR9,37
P39383,37
P37182,37
Q97ZU1,80
Q980J9,80
Q7LX67,80
Q97WU4,80
Q97Y86,80
P0A6C5,37
P0A6P5,37
P0AED5,37
Q7LXL7,80
P0AEZ9,37
Q97V09,80
Q97VF4,80
P76190,37
P0DPO9,37
Q97U93,80
P0A991,37
P0A766,37
P0A8G9,37
P15043,37
Q97WE3,80
P0AAA7,37
P25736,37
P68567,37
P0A884,37
Q97TU9,80
P11290,37
Q97UJ8,80
Q47710,37
Q97US0,80
P0C0V0,37
Q97TX7,80
P65556,37
P33013,37
P77510,37
P31826,37
Q97ZQ4,80
Q97V01,80
P0AGD3,37
Q980E6,80
Q97Y45,80
Q97ZH8,80
P08400,37
P0A8X2,37
P0AE70,37
P75981,37
Q97VR3,80
P50386,80
P39295,37
P0A710,37
Q97X16,80
P45543,37
Q9UXB8,80
P0A8N5,37
Q97XX5,80
Q97XE9,80
Q97Y36,80
P66948,37
P76544,37
P33594,37
P0ADY3,37
Q97WT4,80
Q97ZG3,80
P0AER0,37
P55798,37
Q97U25,80
Q97UE6,80
P0ABL8,37
P77622,37
Q97VU2,80
P0AG16,37
P06149,37
P76611,37
P0DSF8,37
Q97UG8,80
P76035,37
P08312,37
P0AEU3,37
P45795,37
P77519,37
Q980X7,80
P32669,37
P0ADK8,37
P08142,37
Q97XR6,80
P63204,37
P08192,37
P0AEF0,37
P75785,37
C1P618,37
P00816,37
P0AA86,37
P0ACK8,37
P28224,37
Q97ZB8,80
C1P606,37
Q97VT2,80
Q980M8,80
P13024,37
P27302,37
Q97UV1,80
P32144,37
P0A6K6,37
P76121,37
P18392,37
P60757,37
P0C0R7,37
P75783,37
Q7LX61,80
P95862,80
Q7LXI1,80
Q97VL0,80
Q97WJ5,80
P77601,37
P33913,37
P0ACE7,37
Q97Y62,80
P0A9A2,37
P76097,37
Q97ZN7,80
Q97Y94,80
P37028,37
Q97XH6,80
Q97WL7,80
P0AFV4,37
P39357,37
Q97ZS5,80
Q97UY8,80
Q97WJ3,80
Q97XI2,80
P0AF67,37
P0ACC1,37
P77368,37
P64493,37
P52600,37
Q97YK1,80
P0ABH0,37
P0AAQ6,37
P0A8V6,37
Q97V89,80
Q97YV8,80
P67662,37
P33362,37
P0ACJ0,37
Q97UK0,80
Q97WS8,80
Q97VB4,80
P52043,37
Q97YH8,80
P46125,37
P77398,37
P69828,37
Q97ZK5,80
Q97XM9,80
Q9UX78,80
Q97ZI7,80
Q46871,37
P0AE42,37
P0A8N0,37
Q980D6,80
P0A830,37
P0CF26,37
Q7LXS1,80
P23883,37
P32152,37
Q59969,80
P32166,37
P77779,37
Q97XD9,80
P0ADH7,37
Q97VJ2,80
Q97Y14,80
Q97X53,80
Q97VV7,80
P64548,37
Q97TY0,80
Q97U59,80
Q97UA7,80
Q97U33,80
P77688,37
P45527,37
P52133,37
P31443,37
Q980T5,80
P64604,37
P0AGF6,37
P08370,37
P64483,37
P36929,37
P69824,37
Q97V14,80
Q97V05,80
P0A8Y8,37
Q97YH0,80
P77268,37
Q97TY6,80
Q7LXM7,80
P0A7V3,37
Q46798,37
P41052,37
P0A7R5,37
P45799,37
P95991,80
Q981D6,80
Q97UE9,80
P45568,37
P0A7S3,37
Q97UZ1,80
P31119,37
P39361,37
P24224,37
P0AEW4,37
Q980C0,80
Q97WW5,80
P0ADY7,37
Q97UB3,80
P0A749,37
Q97Y53,80
Q7LXR1,80
P16525,37
P75962,37
P06282,37
P76086,37
P76165,37
Q97U66,80
P38506,37
Q9V2S9,80
P33937,37
P45394,37
P0AC51,37
Q97YS7,80
Q97Z41,80
P77279,37
P0ABC9,37
P08244,37
Q980N4,80
Q97WE1,80
Q97WI2,80
Q97WX2,80
P05707,37
P28634,37
P37355,37
Q97U72,80
Q97UB5,80
P77228,37
Q97XH5,80
P77598,37
P0AB61,37
Q97YA2,80
Q7LXG4,80
P0A9V1,37
Q97WV2,80
P63224,37
Q97YI3,80
O33772,80
P0A6T1,37
Q97U65,80
Q97U34,80
P0ADD9,37
P0AC75,37
Q97Z28,80
P15032,37
P76507,37
P76422,37
P0A6F1,37
Q97XL2,80
Q7LX92,80
Q97XL1,80
Q97UF4,80
P76552,37
P03841,37
P54901,37
P28912,37
Q97X05,80
P77668,37
P0A700,37
P0AEY3,37
Q97UC5,80
Q97WZ2,80
Q97YY6,80
Q97X00,80
P13036,37
Q97YD3,80
P0ACY1,37
Q7LXY5,80
P30143,37
Q97WQ8,80
P64627,37
Q97W75,80
Q97U15,80
P37682,37
Q97XW4,80
Q97YY4,80
P76272,37
P76197,37
P45956,37
P77147,37
Q97W95,80
Q97Y49,80
P0AG99,37
P32693,37
Q97W77,80
P77570,37
Q97VE0,80
Q06129,80
P0AGA2,37
Q97YI1,80
Q7LXQ0,80
Q97WH6,80
P0AAX6,37
P0CF53,37
Q97ZV3,80
Q97WH4,80
Q980A7,80
P37653,37
Q97WA7,80
Q7LXT5,80
P60716,37
Q7LXT7,80
P45552,37
Q97YT3,80
Q97WZ7,80
Q46755,37
A0A385XJL2,37
P75748,37
P29009,37
P10151,37
P0DSF3,37
Q97XG8,80
Q980W1,80
Q97ZN9,80
P76575,37
Q97W30,80
P76180,37
P77280,37
P42905,37
P00547,37
Q47158,37
P32053,37
P0AGL7,37
P0AAA1,37
Q97ZY0,80
P76425,37
P0ADJ5,37
P0A6S7,37
P0AE45,37
P0A8X0,37
P39206,37
P77249,37
P0A840,37
Q97YZ0,80
P75975,37
Q981E2,80
A8DYP9,37
Q97UL4,80
Q980V4,80
P37325,37
P09551,37
Q97YX8,80
Q97ZF4,80
Q7LXS6,80
Q97Y48,80
Q980D5,80
P37902,37
P03030,37
Q97Z26,80
P09373,37
Q97UI4,80
Q980L5,80
P50383,80
P37338,37
P26647,37
Q47719,37
P0DPM6,37
Q7LXH8,80
P95963,80
P14294,37
Q97X51,80
Q97WU2,80
P45766,37
P0A8D6,37
Q97XA6,80
P0DSH9,37
P19767,37
P76520,37
P12999,37
Q97XE0,80
P15034,37
P37005,37
P96036,80
P0AE72,37
Q980T8,80
P39367,37
P37750,37
Q47536,37
P31992,37
P05827,37
P0A734,37
P00926,37
P0A7J7,37
Q97YQ2,80
P0AC26,37
Q7LXF9,80
P67143,37
Q980D9,80
P52123,37
P16528,37
P0A6Z1,37
Q97UC9,80
P0A8S1,37
P09377,37
Q97Z01,80
Q97U92,80
Q97YK3,80
Q97VT0,80
P33222,37
Q980R6,80
P36938,37
Q97U22,80
P05719,37
Q97W49,80
P0AEP7,37
Q97VP9,80
Q97ZE6,80
P37596,37
P76000,37
Q980I9,80
Q97UA9,80
Q97Z39,80
Q97UR1,80
Q980R8,80
P0AF34,37
Q981C4,80
Q97YW6,80
P0A7X3,37
Q97XZ6,80
Q97XE2,80
Q980D0,80
Q97XI1,80
Q980B1,80
Q46906,37
Q97Y54,80
Q97V62,80
P37759,37
Q97Z99,80
Q97VD7,80
P32714,37
P33219,37
P0AD44,37
P0AAT9,37
P0ADV9,37
Q980J4,80
Q97U95,80
Q97W21,80
P30235,37
P16682,37
P60438,37
Q97XN2,80
P0AF82,37
Q7LXM5,80
Q97TY8,80
Q97VS2,80
Q46795,37
P0AFX7,37
P39297,37
P52132,37
P75763,37
P71241,37
Q97V92,80
P39360,37
P45570,37
P0DSH7,37
Q97VD5,80
P0A9N8,37
P0AGH8,37
Q980N5,80
P0ADC1,37
P37595,37
P42626,37
Q97Z72,80
P0CF67,37
P76002,37
P37691,37
P0AB10,37
P31473,37
P0AEW1,37
Q97YD6,80
P07623,37
Q97VW0,80
Q97XZ7,80
Q7LXG1,80
P31470,37
Q7LX75,80
P28861,37
P07649,37
P0ABK7,37
P15031,37
P0AB14,37
Q97XN8,80
P0AFV8,37
P16679,37
Q97V28,80
P0A6J3,37
P39286,37
Q97W53,80
Q97UG9,80
Q97V59,80
P50466,37
Q97VY5,80
Q97WV5,80
P81552,80
Q980Q0,80
Q7LXW2,80
Q97XA9,80
P23839,37
P33360,37
P19636,37
Q97TZ0,80
Q46806,37
P0AAC4,37
Q97UQ2,80
P0A6G7,37
P76330,37
P76483,37
Q46801,37
P0AB80,37
P42910,37
P0A8Y1,37
P0AD27,37
Q46867,37
P0A7B8,37
Q97UP0,80
Q7LXQ1,80
P32710,37
Q97YV6,80
Q97UU6,80
P76394,37
P60632,37
P39462,80
P77690,37
P63228,37
Q47156,37
P39277,37
P27253,37
P0AD53,37
P39314,37
P19317,37
Q980L1,80
P32696,37
P0A903,37
Q47154,37
P41441,37
P15033,37
Q97WL3,80
Q97XV4,80
P31455,37
P0A9S1,37
P0AGD1,37
P30866,37
Q97Y50,80
P25745,37
P76198,37
P50456,37
Q97VV8,80
C1P603,37
P0AD05,37
Q97YC9,80
P0AC81,37
P0ADC6,37
P0DPP6,37
Q97VE2,80
P32718,37
P22259,37
Q97WT8,80
Q980R3,80
P64488,37
Q7LXH0,80
P0AAG5,37
Q980J6,80
Q97VZ7,80
P17315,37
Q97W97,80
P28696,37
P0A976,37
Q97VQ1,80
P76147,37
Q97UU4,80
P69789,37
P31549,37
Q97V60,80
Q980W4,80
P24186,37
Q97X45,80
P35027,80
Q97VY8,80
P37758,37
P0ACG4,37
Q97WY8,80
Q97VE9,80
P0AFG8,37
Q97YW2,80
P64451,37
Q97UC8,80
P0ACM2,37
P0DPO5,37
Q97WL9,80
P42588,37
Q980N9,80
P0AA67,37
P52140,37
P77585,37
C1P613,37
P67729,37
Q7LXU6,80
Q97WZ6,80
P75793,37
Q97VP7,80
P05055,37
P39315,37
P58084,80
P37908,37
P64499,37
Q97Z83,80
Q97ZM9,80
Q9UXG1,80
P75835,37
P76162,37
Q97UP1,80
P75799,37
P08956,37
P0AAL9,37
P0ACX9,37
Q97YY1,80
P04995,37
P0AA53,37
Q7LXN8,80
Q97ZF2,80
Q9UXG8,80
Q9UX49,80
Q7LX83,80
Q7LXP0,80
P21338,37
P0AFU2,37
P0AD99,37
Q97XU6,80
Q97UU7,80
Q47537,37
Q97UP4,80
Q980N3,80
P0ACR2,37
P0A6D5,37
P0ADX1,37
P77234,37
P76111,37
P77650,37
Q7LXM0,80
P17109,37
P75920,37
Q97X17,80
Q980U4,80
P64485,37
P33361,37
Q7LXR5,80
Q97U29,80
P75830,37
P09424,37
P77183,37
P33667,37
Q97ZQ8,80
P08957,37
Q97Z78,80
P0AC92,37
Q97YH7,80
Q97YE9,80
Q97WR9,80
Q97XD6,80
Q97X49,80
Q97YW8,80
P95907,80
Q97W48,80
P75954,37
P10908,37
P0C0L9,37
P76364,37
Q97ZF8,80
P64581,37
P30140,37
P68206,37
P67095,37
Q980Y9,80
Q980Q5,80
P06722,37
Q97ZT4,80
P76170,37
Q97YJ3,80
C1P620,37
P32173,37
P33607,37
Q980V8,80
Q97UC7,80
P76470,37
P32131,37
Q97W33,80
P0ABY2,37
P69228,37
Q97VU0,80
Q97UX0,80
Q980B5,80
Q97UL8,80
Q97V82,80
P0AC33,37
Q97UJ6,80
P12008,37
Q97X89,80
P0ACU7,37
P0A7A2,37
Q97XG2,80
P37440,37
P68739,37
Q97U73,80
Q97YN0,80
P0A6R0,37
Q980F5,80
P23827,37
Q97WK9,80
P76234,37
P0A8J2,37
O08424,80
Q97ZE1,80
P30863,37
P52044,37
Q6BF25,37
C1P612,37
Q97W22,80
P0AGE4,37
P0ACS2,37
Q97XK6,80
C1P5Z7,37
P0AE37,37
Q97UP5,80
P33011,37
P46136,37
Q97W35,80
Q97WL5,80
P0AFG3,37
Q97YL1,80
Q97UB9,80
Q97ZM3,80
Q9UXF6,80
Q97U45,80
P23843,37
P28903,37
P25531,37
P29680,37
Q97WX3,80
Q97Z29,80
P0AF50,37
P33229,37
P0A7A5,37
P0ACB2,37
P33226,37
P36561,37
P0AFS5,37
Q980L2,80
P19318,37
Q97Y76,80
P39336,37
Q9UWW6,80
P77721,37
P69831,37
P0A8L5,37
P28630,37
Q7LYK3,80
P77288,37
P64448,37
P0A7E1,37
Q97YT0,80
P76359,37
P0ABD5,37
P0AGE6,37
P76514,37
P76102,37
P62620,37
Q97V33,80
Q97WK3,80
Q97ZQ3,80
Q97WY1,80
P0A6F9,37
P03061,37
Q97XF8,80
Q7LXY4,80
P0AAA9,37
P0A9F1,37
Q7LXU5,80
P37636,37
P24252,37
P0ADI9,37
Q97XL4,80
Q97XF4,80
Q97XW7,80
Q980D2,80
P0A9K1,37
Q57261,37
Q980E8,80
P0AEP1,37
P95967,80
P38097,37
Q97XN4,80
P32676,37
P23910,37
P09029,37
Q980H4,80
P37903,37
Q97XP8,80
Q980Y5,80
P80644,37
Q97WY9,80
P52096,37
P39300,37
Q7LXX4,80
Q97XJ9,80
Q97UW9,80
Q97WL1,80
P09152,37
P69783,37
P0DPC7,37
P45463,37
P0A6T9,37
P68919,37
P18811,37
P31545,37
P0A9F6,37
P76356,37
P23836,37
P69808,37
P76418,37
P76173,37
Q97UZ9,80
Q97WF3,80
P58030,80
P07648,37
P0A9R2,37
P30958,37
P33354,37
P0A870,37
C1P615,37
Q97XQ1,80
Q7LX99,80
P0A7X6,37
P25526,37
P09147,37
P40120,37
Q97XB0,80
P0ABJ6,37
Q47149,37
P0ACR4,37
Q47702,37
P0A968,37
P0AFQ2,37
Q97XQ2,80
Q97U79,80
P0ACU2,37
P33227,37
P30864,37
Q97XI7,80
P0A9Q5,37
P33666,37
Q46844,37
P0AAB6,37
Q97ZG8,80
P20083,37
Q97ZS2,80
Q97WU9,80
P50382,80
P64524,37
Q97V39,80
Q97XF6,80
P77180,37
P0A9A9,37
P0AAG0,37
Q97X50,80
P76117,37
P0AAL0,37
P0ABZ6,37
P31437,37
P0A7L8,37
Q97YX9,80
P76537,37
Q97W45,80
P0ADK6,37
P68066,37
Q97VJ6,80
Q7LXD0,80
P0AG76,37
P76297,37
P0ABU2,37
P0ACV0,37
Q97UU1,80
P36837,37
P77297,37
P0A7B1,37
Q7LX59,80
Q97WN8,80
P0A9U3,37
P04805,37
Q97WZ5,80
Q97W42,80
Q97ZW9,80
Q980A8,80
Q97UE3,80
P0A7Q6,37
P75817,37
P39368,37
P0AAG3,37
P76118,37
Q97XP5,80
Q2EER5,37
Q97X59,80
P77726,37
P0AD49,37
Q7LXK6,80
P0A988,37
P0ABZ1,37
P0A915,37
P17410,37
P68688,37
P0ADP7,37
P58179,80
P04391,37
Q97W41,80
P0DPP0,37
P02358,37
Q97UV2,80
Q97YZ2,80
Q7LYJ4,80
Q980A1,80
P75860,37
P0AEF4,37
Q97W85,80
P0A9H1,37
P76084,37
Q47538,37
P00562,37
P24207,37
Q6BF16,37
P0AAL6,37
P0ACA3,37
P75718,37
P32662,37
P0AGG2,37
Q46948,37
Q97WZ4,80
P09162,37
Q97WC4,80
Q97YM2,80
Q97UC1,80
P39343,37
P03835,37
Q97Z82,80
Q97ZV5,80
P0A7I4,37
P77672,37
Q97UW7,80
Q7LXH5,80
Q97W10,80
Q980Q9,80
P0DPP1,37
P22731,37
Q97XD4,80
P77454,37
Q97U51,80
Q97VD1,80
P0AFI5,37
P0AB49,37
Q97W00,80
P30749,37
P27294,37
P0DPC6,37
P76014,37
Q97US5,80
Q97XQ8,80
Q97W62,80
P0AAQ0,37
Q97UE8,80
P77187,37
Q97Z85,80
P07023,37
P39377,37
P0ACN7,37
Q97U49,80
Q97ZY8,80
Q97VB8,80
Q7LXQ2,80
Q97VM2,80
P95999,80
P0A6K3,37
P75820,37
Q46841,37
P75750,37
P0AF78,37
P0A9J0,37
Q97TY5,80
Q97YF4,80
P39305,37
P0AA91,37
P63883,37
Q97W82,80
P68767,37
P77539,37
P75869,37
P75855,37
A5A613,37
P0AE98,37
P45541,37
P69908,37
Q97XW1,80
Q980B3,80
Q97X54,80
Q980D8,80
Q9UWU0,80
P57765,80
P37774,37
Q97ZG2,80
P78061,37
Q97Y25,80
Q981D9,80
Q97WG6,80
P0DPM9,37
Q46908,37
Q97Z04,80
P76613,37
Q46835,37
Q980S3,80
P39342,37
P09153,37
P69212,37
Q7LXR3,80
P21365,37
P00363,37
Q7LY06,80
P37626,37
P11553,37
P0ADF8,37
P05804,37
P77712,37
Q97XS3,80
Q97Y40,80
P0AEI6,37
P25889,37
P21367,37
Q980J7,80
P31131,37
P76250,37
P77375,37
P56579,37
P76160,37
P17334,37
P33644,37
Q97YF8,80
P37649,37
Q97XG3,80
Q97VL7,80
P0CD93,37
P78271,37
P0ACR9,37
Q97ZZ1,80
Q97WX6,80
Q980F7,80
P26459,37
P23840,37
P42625,37
P24228,37
P75949,37
P76083,37
Q97U31,80
Q97ZR9,80
P31667,37
P00946,37
P43676,37
P23890,37
P0AG78,37
Q980L0,80
P0AF08,37
Q97U17,80
P75736,37
Q97WJ4,80
P0A9X9,37
P06136,37
P58032,80
Q97ZP1,80
P76417,37
Q97WW4,80
Q97YK5,80
P39362,37
P0AAE8,37
P0AEK2,37
P31660,37
P0A8E1,37
P0AAE5,37
P0ABL5,37
Q980Z0,80
P0A6C8,37
Q980A9,80
P67553,37
Q97UF2,80
Q97YA9,80
P0A836,37
P76466,37
P67762,37
P0ADB4,37
P75966,37
P23538,37
P52128,37
Q981B8,80
P77433,37
P0A8W0,37
Q980U5,80
P32153,37
P30859,37
P31547,37
P03023,37
Q9UWY8,80
Q97ZA2,80
Q97ZM2,80
P75821,37
Q97U00,80
P0ABE5,37
Q97Z11,80
P45522,37
Q97V21,80
P07604,37
Q97ZA3,80
Q97YP8,80
P0ADR2,37
P69874,37
Q97UJ4,80
Q7LXR8,80
P0A9M5,37
C1P601,37
Q97U20,80
P27303,37
Q97WC3,80
Q97V00,80
Q97YL9,80
Q97VC3,80
P0ACD4,37
P75884,37
P30748,37
Q980Z1,80
P33014,37
P32688,37
P0ABN5,37
P11664,37
Q97YG5,80
P0AEN1,37
P76545,37
Q97Y05,80
P33915,37
P37353,37
Q97Z70,80
P0A8Y5,37
P40191,37
P76362,37
P12281,37
Q97ZE8,80
Q46877,37
P0AAP7,37
Q97Z66,80
P76270,37
P81551,80
P46481,37
P0ACR7,37
P0A6Z3,37
P24177,37
Q97WC2,80
P0A9N4,37
Q97ZG1,80
P75617,37
P60340,37
P64614,37
Q97YK0,80
Q97YU6,80
P0ADW8,37
P39221,37
Q97YW1,80
P43531,37
Q7LXM2,80
Q97Y99,80
P78055,37
Q7LXZ6,80
Q97XE1,80
P77808,37
Q97YR2,80
P0AFH0,37
P33231,37
P16456,37
P0AAC6,37
P37760,37
P06996,37
P76585,37
Q7LXL6,80
Q97XU2,80
P33348,37
P26811,80
P21599,37
P0AEB7,37
Q97U71,80
P31060,37
Q97WD5,80
P69739,37
P0DSF9,37
Q97Z55,80
P0C8J6,37
Q97Z98,80
Q97ZB6,80
P0A8F4,37
Q7LXG7,80
P13518,37
Q97ZV9,80
P06715,37
P0A7E3,37
P0A6W9,37
P0A800,37
Q980T3,80
P75972,37
Q97UH2,80
Q46807,37
Q97WP6,80
Q97UY4,80
P58110,80
P37024,37
P0A7C8,37
P07117,37
P0A932,37
P39366,37
Q97WK2,80
P0A8M0,37
Q97UM9,80
Q97UV8,80
P0AC35,37
Q97YI6,80
Q97XK1,80
P0AFU4,37
P77400,37
P0AGK8,37
P0A6H8,37
Q980W5,80
Q97WQ3,80
P0AAK4,37
P21165,37
Q97VE4,80
Q97ZD5,80
Q980P1,80
P0ABZ4,37
P77245,37
P71301,37
Q7LXV0,80
P0ABE9,37
Q97VR9,80
P55135,37
P37662,37
Q97YH5,80
P0ADC3,37
P76584,37
P75968,37
Q97ZG6,80
P67660,37
P0AEU7,37
P0AG86,37
P0AEM9,37
P63746,37
Q97WQ0,80
P75734,37
P77277,37
P08660,37
P0AB31,37
Q97ZJ4,80
P52045,37
Q47083,37
Q97V72,80
Q97YT9,80
Q97ZH5,80
P77699,37
P33218,37
P38104,37
P0A9D8,37
P0ABR9,37
P33024,37
P37624,37
Q97V70,80
P95994,80
Q980F1,80
Q97Y10,80
Q46904,37
P36673,37
P0A814,37
P46478,37
P75974,37
P0A8M6,37
Q97UG2,80
P30014,37
P76909,37
P77365,37
Q97ZB4,80
Q97X44,80
Q97Z53,80
P0AE88,37
Q980P2,80
Q46891,37
P67701,37
Q980A0,80
Q97VY7,80
P0AC44,37
Q97U52,80
Q97ZU7,80
Q97YB3,80
P76345,37
Q46953,37
P75938,37
Q97ZI3,80
Q980X2,80
P0A7N4,37
Q97V20,80
Q9UXA5,80
P60595,37
Q97V11,80
P05194,37
Q97VS9,80
Q97WA9,80
Q97YZ3,80
P24197,37
P76226,37
Q97VK8,80
Q46799,37
Q980J2,80
Q97ZW0,80
Q97YV9,80
Q97WC0,80
P36646,37
P76503,37
P0ABW5,37
Q97VT3,80
P0A8R7,37
Q97X64,80
P37678,37
P51025,37
Q9UXB2,80
P0DSG1,37
Q97ZP3,80
Q980G5,80
Q97TY3,80
P31133,37
Q97Y60,80
P18956,37
Q97ZR6,80
Q97YJ9,80
Q97WB6,80
P80053,80
P30147,37
P0AB96,37
Q97VJ3,80
P17583,37
P75715,37
Q97UH8,80
Q97XM5,80
Q97YB2,80
Q97WZ9,80
P0ADN6,37
P0AA93,37
P00963,37
P41407,37
Q980L7,80
P37765,37
P0A894,37
Q97ZA0,80
P0A9K7,37
Q97XQ9,80
Q97VE1,80
P38038,37
P23865,37
P0AF73,37
P39902,37
Q980X8,80
Q97VW7,80
P76290,37
Q97VY1,80
P08203,37
P39829,37
Q97U70,80
Q97ZP6,80
P0AGC0,37
P39332,37
P38134,37
Q97XQ4,80
Q97TZ5,80
Q97X57,80
Q97WM5,80
P03825,37
P00370,37
Q97XA7,80
Q97VU9,80
P37675,37
P0A9W6,37
P25550,37
P24193,37
P30852,37
P39196,37
Q97U10,80
Q97XJ2,80
P43340,37
Q97ZI5,80
P0A9I1,37
Q7LX41,80
P36937,37
Q97UL5,80
P0A8Z7,37
V9HVX0,37
P76482,37
P76396,37
P0DTV7,37
Q97VV5,80
Q97XF7,80
P46846,37
P76462,37
P75901,37
P0AFD1,37
Q97VW1,80
Q97U30,80
P77791,37
P0ABQ0,37
Q97VR2,80
P0AD59,37
P06134,37
P11454,37
P23894,37
P58201,80
P0AFX4,37
P36649,37
P76073,37
P0ACI3,37
Q97UX3,80
Q97VI3,80
Q97VX0,80
P0DPN1,37
P0A881,37
P37639,37
P77389,37
Q97Y68,80
Q97XQ0,80
P0DPP8,37
Q97TX3,80
Q97YF7,80
P0ACZ8,37
P0A7A9,37
Q97ZU8,80
P0A7D7,37
Q7SI95,80
P37692,37
P0A6X1,37
P75683,37
Q47152,37
P0A9Q7,37
Q97UG4,80
P77390,37
Q2M7R5,37
P76062,37
P45420,37
P77269,37
Q97WG3,80
Q980K5,80
P32684,37
Q980R5,80
P76551,37
P0A772,37
Q97XT5,80
Q97W18,80
P37197,37
Q97XF1,80
P52005,37
Q7LXF6,80
Q97WV3,80
Q97VJ7,80
P0A8T7,37
P37746,37
A5A618,37
P76576,37
Q97X88,80
P77216,37
P22498,80
P33026,37
P09158,37
Q97UL2,80
P36645,37
P31550,37
P75980,37
P76034,37
P39344,37
Q97U99,80
P0ADW6,37
P16685,37
P68187,37
P52006,37
P0AEE8,37
P31064,37
Q97XJ8,80
P76296,37
P0A940,37
Q97ZE2,80
P75995,37
Q97ZJ8,80
P28307,37
P67699,37
Q97WT2,80
P33927,37
P37348,37
P17444,37
P37344,37
P05847,37
Q97VZ9,80
Q97X79,80
Q97Y29,80
Q97ZX2,80
Q97UX2,80
Q97UV0,80
Q980W3,80
P24211,37
Q97Z58,80
P0AB24,37
Q97YJ8,80
Q97UJ5,80
Q97VI5,80
P0AA89,37
P08373,37
P0A9S5,37
Q97Z76,80
Q97UI7,80
Q46855,37
Q7LXS9,80
Q7LXR0,80
P39401,37
P68699,37
Q46802,37
Q9Y8K9,80
P0AFU0,37
Q97WF9,80
P25888,37
Q97W92,80
Q97X27,80
P60422,37
P0AAS5,37
Q97UA6,80
P36928,37
P45424,37
Q980U7,80
Q97UN8,80
P75616,37
Q97WD8,80
P32154,37
P39310,37
P65292,37
Q97YZ7,80
P17994,37
P0A6W3,37
Q46868,37
Q97Y13,80
P76318,37
Q97ZZ2,80
P0ABS1,37
Q7LXF4,80
Q97Z57,80
P0C0L7,37
Q97Y56,80
P0AE24,37
P77348,37
Q97WD6,80
Q46909,37
P76491,37
P37613,37
O33777,80
P23841,37
P75987,37
P0AD03,37
Q97X41,80
Q97XT9,80
Q97Y31,80
Q97XH3,80
P76221,37
Q97WN7,80
Q97WJ9,80
Q97U86,80
P58111,80
P31679,37
Q9UWW3,80
P56258,37
P15770,37
Q97XH7,80
P0ACX3,37
P0AB98,37
P33371,37
P77671,37
P25527,37
Q97V76,80
P0AGL2,37
Q97VY9,80
Q97W32,80
P76231,37
P60849,80
Q980Q6,80
P0A9V5,37
Q97V55,80
P42597,37
Q980C6,80
Q97W12,80
Q97V42,80
P39390,37
P0A8X4,37
P37180,37
P15005,37
P60720,37
Q2EES9,37
P38392,37
Q97VJ9,80
Q97Y66,80
Q97YI8,80
P76407,37
P0A6S3,37
P25552,37
Q97XC2,80
Q97WG1,80
P77316,37
P0AE48,37
Q97Y64,80
Q97XZ0,80
P0AAG8,37
P33224,37
P77150,37
P26365,37
Q980R7,80
Q980V9,80
Q97WH8,80
P37673,37
P77494,37
P0CI31,37
P0A6K1,37
P32177,37
Q7LXZ9,80
P07913,37
P64540,37
P33346,37
P76122,37
Q47272,37
Q97XE8,80
Q97X08,80
P95987,80
P77243,37
Q97Y33,80
P0A853,37
Q97ZS0,80
P64439,37
Q980U1,80
Q97ZF0,80
Q97UY2,80
Q9UXE7,80
P0ABR1,37
Q97W37,80
P64442,37
P45761,37
Q97U76,80
P58202,80
P0AAJ1,37
Q97X37,80
P0ABG1,37
Q97UF8,80
Q47274,37
Q97VE6,80
P32695,37
Q97YN3,80
P75672,37
Q97VC7,80
P0AEG8,37
P76559,37
P76222,37
P39338,37
P33020,37
P0AB65,37
P76535,37
P0AFH8,37
P38683,37
Q7LX84,80
P77700,37
P0AFN6,37
P76343,37
P25718,37
P12758,37
Q97ZX0,80
P0DPN6,37
P68191,37
P0AAR8,37
Q97VK4,80
Q97YU5,80
P0AF24,37
P75797,37
P37631,37
Q97ZW2,80
P76037,37
P0DSH1,37
P0AF48,37
P30855,37
P76445,37
Q97WI4,80
P37623,37
Q97WE8,80
Q97ZK1,80
Q97VM8,80
Q97Z20,80
Q97W86,80
P76158,37
Q97WF7,80
Q2M7M3,37
Q97Y72,80
Q980T1,80
P77473,37
P0A8Y3,37
P65870,37
P09151,37
P0DSF2,37
Q980Q4,80
O33778,80
Q97Y26,80
P42598,37
Q9UX46,80
P71296,37
P37127,37
Q97Y47,80
Q97UW6,80
Q980Z6,80
P0ABJ3,37
P57084,80
Q9UX98,80
Q97YF0,80
P46856,37
Q980J0,80
P0DP64,37
P76228,37
Q97WZ3,80
P52007,37
P77330,37
P13001,37
P29013,37
P76484,37
Q980V1,80
Q97Z44,80
P55138,37
P11989,37
P06965,37
P0DTT0,37
P76217,37
P76556,37
P0AEZ7,37
P0CG19,37
P07650,37
Q97VN9,80
P09053,37
Q97XR5,80
Q97XU3,80
P64594,37
P77736,37
P0CF91,37
Q97ZL5,80
P76501,37
P64521,37
P52076,37
P76569,37
P37388,37
Q97V36,80
P77503,37
P0AFV0,37
P27830,37
Q97WA5,80
P0ACX5,37
P37339,37
Q97YM3,80
Q97YE7,80
Q97VB5,80
P37767,37
Q97YN5,80
Q7LXJ8,80
Q97VY0,80
P45565,37
P0AFP6,37
P60566,37
Q981A1,80
Q97VR7,80
P52143,37
Q97XQ7,80
P06987,37
Q97VN8,80
P0A7C6,37
P0AGE0,37
P0A7M6,37
Q97WU7,80
Q97VY4,80
P64634,37
Q97UK4,80
P30178,37
Q97YD0,80
Q97ZD8,80
P00490,37
P0ADS9,37
P46133,37
Q97UQ8,80
Q46856,37
P0A6J5,37
P77509,37
Q97U36,80
Q97WW0,80
P76586,37
P77544,37
Q97VZ8,80
Q97XG6,80
P0AAR0,37
P0AGM9,37
Q7LX50,80
Q97XP6,80
P0AE39,37
Q97Z95,80
P0A8F0,37
Q97VX7,80
Q97ZT9,80
P0AAC8,37
P67697,37
P75973,37
P0AF96,37
Q97U16,80
Q97VW8,80
P45800,37
P64463,37
Q97ZV0,80
P0A7R1,37
Q46839,37
P37629,37
P43337,37
P69922,37
P76204,37
P28721,37
P76142,37
P0A796,37
Q47685,37
Q97UY1,80
P77744,37
Q97WC9,80
Q9UX93,80
P76227,37
P0AFQ5,37
Q97ZU4,80
P68661,37
P09126,37
Q981D0,80
P75620,37
P0AFI7,37
P0A9T0,37
Q97Z59,80
P18196,37
P37327,37
P0DPN5,37
Q97WJ6,80
P45549,37
P11289,37
Q97YS4,80
P62522,37
Q97ZM8,80
Q97XX2,80
P0AFM2,37
P76063,37
Q980M3,80
P0AAJ5,37
P0DSG0,37
P62617,37
Q980C1,80
Q980F2,80
P58156,80
P64496,37
Q97UH6,80
P00959,37
Q97YJ4,80
Q97WN4,80
P0ADP9,37
Q97Z19,80
Q97WP2,80
Q97Y92,80
Q97Z42,80
P0ABH4,37
P39365,37
Q97UM3,80
P0AC96,37
Q97WJ2,80
P76123,37
P38105,37
P39379,37
P0A6U3,37
P64550,37
Q7LXL5,80
P55914,37
P67603,37
Q97TV6,80
P30011,37
P77212,37
P45395,37
Q97TU8,80
Q97UA0,80
Q97V57,80
P31058,37
Q97VV0,80
Q97V25,80
Q97ZU5,80
P0AEE5,37
Q97U07,80
P77730,37
G3MTW7,37
Q97UF0,80
P76773,37
Q97V26,80
P0ABF1,37
P76561,37
P16926,37
Q7LXE9,80
Q97VB3,80
P95997,80
P76538,37
P57998,37
P0AA76,37
P32712,37
Q980R0,80
P75741,37
P71298,37
P0A7S9,37
P45428,37
P37128,37
P71297,37
P77737,37
Q97Y09,80
P0ADM6,37
P02413,37
P0AFH6,37
P14176,37
Q97UD7,80
Q97ZY5,80
P23874,37
Q97TY9,80
P0AEW6,37
P45539,37
P15038,37
P0A823,37
P37651,37
Q97WI1,80
P37614,37
Q97U84,80
Q97WY6,80
P39461,80
Q97ZA5,80
P37617,37
Q97UQ3,80
Q97XR7,80
Q97W01,80
P0AC84,37
P0A9Q1,37
P27250,37
P75704,37
P76127,37
Q7LXK4,80
Q97Y80,80
P0A6G5,37
P0AAN5,37
P0A9M8,37
Q97XC5,80
P0A8T1,37
P76001,37
P69346,37
P69741,37
Q97VK3,80
P77567,37
Q9UXA0,80
P69434,37
P0AG93,37
Q97XK4,80
P10906,37
Q97YW5,80
P0A910,37
Q97V16,80
P0AG80,37
P76372,37
P38036,37
Q59385,37
Q7LXH7,80
P0A9L8,37
P0A8J8,37
P39359,37
Q46810,37
P39396,37
Q97VI7,80
P23721,37
P0A8R9,37
Q97WF2,80
P0A935,37
P42641,37
Q97V43,80
Q7LXX1,80
Q97UE5,80
Q9UXA3,80
P23481,37
P0AEZ3,37
P95968,80
P04951,37
P0AFJ1,37
P0ACA7,37
P77682,37
Q97WJ1,80
Q97W09,80
P0AFU6,37
P0AB01,37
Q97YE3,80
Q97ZI6,80
P37610,37
Q97UK7,80
P52095,37
Q7LX57,80
P28904,37
P0ACJ8,37
P0AG84,37
Q97V10,80
Q97UX7,80
Q97WD2,80
Q97ZU2,80
P0AB55,37
P0ABS8,37
P0DP69,37
P52119,37
P60752,37
P0AC00,37
Q97ZY9,80
P0AGH5,37
P75694,37
P66817,37
Q97US2,80
P60995,37
P19925,37
Q9UXE4,80
P0A9J4,37
P39349,37
Q97W88,80
P22186,37
Q97ZX8,80
P65290,37
Q980E0,80
P96041,80
P0A731,37
P39293,37
Q97Y35,80
P0A9E9,37
P76145,37
P46187,37
P37637,37
Q97X12,80
Q97ZC7,80
P04425,37
Q97Y98,80
P0ABJ1,37
Q97YR6,80
Q97WV1,80
P45470,37
P0A9P0,37
P0A8Q3,37
Q97V29,80
P0A7M2,37
P39834,37
P0AFK9,37
P0CD66,80
Q97ZS4,80
Q97W89,80
P0ADV5,37
P77170,37
P76269,37
Q97WJ7,80
Q97WK7,80
P22787,37
P37052,37
Q7LXP8,80
P0AGC3,37
P36675,37
P95961,80
P39838,37
Q97UH1,80
P76308,37
P0AAT6,37
P0AD57,37
Q980T2,80
P0AEJ6,37
P0AA49,37
Q97XB1,80
P0AAP5,37
P76061,37
Q97YA5,80
Q97XI9,80
P43319,37
P21345,37
P0ABF6,37
Q97YS8,80
Q46907,37
Q7LX97,80
P0ADQ2,37
Q97U78,80
P77265,37
Q97YU7,80
P0ADD2,37
P76052,37
P00452,37
Q97VX1,80
P76016,37
